 Unit,Property,Floorplan,Beds,Baths,Min Rent,Max Rent,Ready On,Active On,Lock ID,Waitlist Unit,Model Unit 
"218","Waterford Landings","B1","2","2","1305","1305","N/A","N/A","","No","No" 
"814","Waterford Landings","A2","1","1","1100","1100","N/A","N/A","","No","No" 
"704","Waterford Landings","B1","2","2","1313","1313","N/A","N/A","","No","No" 
"507","Waterford Landings","B1","2","2","1325","1325","N/A","N/A","","No","No" 
"606","Waterford Landings","A2","1","1","1086","1086","N/A","N/A","","No","No" 
"618","Waterford Landings","A2","1","1","1107","1107","N/A","N/A","","No","No" 
"702","Waterford Landings","A2","1","1","1086","1086","N/A","N/A","","No","No" 
"706","Waterford Landings","A2","1","1","1086","1086","N/A","N/A","","No","No" 
"714","Waterford Landings","A2","1","1","1086","1086","N/A","N/A","","No","No" 
"902","Waterford Landings","A2","1","1","1105","1105","N/A","N/A","","No","No" 
"918","Waterford Landings","A2","1","1","1086","1086","N/A","N/A","","No","No" 
"907","Waterford Landings","B1","2","2","1305","1305","N/A","N/A","","No","No" 
"1219","Waterford Landings","B1","2","2","1305","1305","N/A","N/A","","No","No" 
"1211","Waterford Landings","B1","2","2","1305","1305","N/A","N/A","","No","No" 
"1209","Waterford Landings","B1","2","2","1305","1305","N/A","N/A","","No","No" 
"705","Waterford Landings","A2","1","1","1107","1107","N/A","N/A","","No","No" 
"1119","Waterford Landings","B1","2","2","1305","1305","N/A","N/A","","No","No" 
"1101","Waterford Landings","A2","1","1","1086","1086","N/A","N/A","","No","No" 
"1112","Waterford Landings","B1","2","2","1305","1305","N/A","N/A","","No","No" 
"1108","Waterford Landings","B1","2","2","1305","1305","N/A","N/A","","No","No" 
"1107","Waterford Landings","B1","2","2","1305","1305","N/A","N/A","","No","No" 
"1104","Waterford Landings","B1","2","2","1305","1305","N/A","N/A","","No","No" 
"1308","Waterford Landings","B1.2","2","2","1350","1350","N/A","N/A","","No","No" 
"1307","Waterford Landings","B1.2","2","2","1350","1350","N/A","N/A","","No","No" 
"1311","Waterford Landings","B1.2","2","2","1350","1350","N/A","N/A","","No","No" 
"915","Waterford Landings","B1","2","2","1305","1305","N/A","N/A","","No","No" 
"1404","Waterford Landings","B1.2","2","2","1350","1350","N/A","N/A","","No","No" 
"819","Waterford Landings","B1","2","2","1320","1320","N/A","N/A","","No","No" 
"1412","Waterford Landings","B1.2","2","2","1350","1350","N/A","N/A","","No","No" 
"1414","Waterford Landings","B1.2","2","2","1350","1350","N/A","N/A","","No","No" 
"1503","Waterford Landings","B1.2","2","2","1350","1350","N/A","N/A","","No","No" 
"1507","Waterford Landings","B1.2","2","2","1350","1350","N/A","N/A","","No","No" 
"1508","Waterford Landings","B1.2","2","2","1350","1350","N/A","N/A","","No","No" 
"816","Waterford Landings","B1","2","2","1305","1305","N/A","N/A","","No","No" 
"811","Waterford Landings","B1","2","2","1310","1310","N/A","N/A","","No","No" 
"1514","Waterford Landings","B1.2","2","2","1350","1350","N/A","N/A","","No","No" 
"1522","Waterford Landings","B1.2","2","2","1350","1350","N/A","N/A","","No","No" 
"715","Waterford Landings","B1","2","2","1305","1305","N/A","N/A","","No","No" 
"708","Waterford Landings","B1","2","2","1305","1305","N/A","N/A","","No","No" 
"1303","Waterford Landings","B1.2","2","2","1350","1350","N/A","N/A","","No","No" 
"1421","Waterford Landings","B1.2","2","2","1350","1350","N/A","N/A","","No","No" 
"707","Waterford Landings","B1","2","2","1305","1305","N/A","N/A","","No","No" 
"616","Waterford Landings","B1","2","2","1305","1305","N/A","N/A","","No","No" 
"105","Waterford Landings","C1","3","2","1405","1405","N/A","N/A","","No","No" 
"114","Waterford Landings","C1","3","2","1405","1405","N/A","N/A","","No","No" 
"306","Waterford Landings","C1","3","2","1427","1427","N/A","N/A","","No","No" 
"302","Waterford Landings","C1","3","2","1430","1430","N/A","N/A","","No","No" 
"314","Waterford Landings","C1","3","2","1450","1450","N/A","N/A","","No","No" 
"607","Waterford Landings","B1","2","2","1305","1305","N/A","N/A","","No","No" 
"405","Waterford Landings","C1","3","2","1405","1405","N/A","N/A","","No","No" 
"516","Waterford Landings","B1","2","2","1305","1305","N/A","N/A","","No","No" 
"513","Waterford Landings","C1","3","2","1405","1405","N/A","N/A","","No","No" 
"1202","Waterford Landings","C1","3","2","1477","1477","N/A","N/A","","No","No" 
"1206","Waterford Landings","C1","3","2","1440","1440","N/A","N/A","","No","No" 
"1214","Waterford Landings","C1","3","2","1405","1405","N/A","N/A","","No","No" 
"1213","Waterford Landings","C1","3","2","1405","1405","N/A","N/A","","No","No" 
"416","Waterford Landings","B1","2","2","1305","1305","N/A","N/A","","No","No" 
"1218","Waterford Landings","C1","3","2","1405","1405","N/A","N/A","","No","No" 
"317","Waterford Landings","C1","3","2","1415","1415","N/A","N/A","","No","No" 
"415","Waterford Landings","B1","2","2","1305","1305","N/A","N/A","","No","No" 
"419","Waterford Landings","B1","2","2","1305","1305","N/A","N/A","","No","No" 
"408","Waterford Landings","B1","2","2","1305","1305","N/A","N/A","","No","No" 
"403","Waterford Landings","B1","2","2","1305","1305","N/A","N/A","","No","No" 
"502","Waterford Landings","C1","3","2","1452","1452","N/A","N/A","","No","No" 
"320","Waterford Landings","B1","2","2","1305","1305","N/A","N/A","","No","No" 
"315","Waterford Landings","B1","2","2","1305","1305","N/A","N/A","","No","No" 
"1602","Waterford Landings","A1.2","1","1","1015","1015","N/A","N/A","","No","No" 
"1606","Waterford Landings","A1.2","1","1","1015","1015","N/A","N/A","","No","No" 
"312","Waterford Landings","B1","2","2","1305","1305","N/A","N/A","","No","No" 
"1605","Waterford Landings","A1.2","1","1","1015","1015","N/A","N/A","","No","No" 
"1701","Waterford Landings","A1.2","1","1","1015","1015","N/A","N/A","","No","No" 
"1702","Waterford Landings","A1.2","1","1","1015","1015","N/A","N/A","","No","No" 
"1705","Waterford Landings","A1.2","1","1","1015","1015","N/A","N/A","","No","No" 
"1706","Waterford Landings","A1.2","1","1","1015","1015","N/A","N/A","","No","No" 
"1709","Waterford Landings","A1.2","1","1","1015","1015","N/A","N/A","","No","No" 
"309","Waterford Landings","B1","2","2","1305","1305","N/A","N/A","","No","No" 
"304","Waterford Landings","B1","2","2","1305","1305","N/A","N/A","","No","No" 
"307","Waterford Landings","B1","2","2","1305","1305","N/A","N/A","","No","No" 
"107","Waterford Landings","B1","2","2","1305","1305","N/A","N/A","","No","No" 
"115","Waterford Landings","B1","2","2","1305","1305","N/A","N/A","","No","No" 
"110","Waterford Landings","B1","2","2","1305","1305","N/A","N/A","","No","No" 
"116","Waterford Landings","B1","2","2","1313","1313","N/A","N/A","","No","No" 
"208","Waterford Landings","B1","2","2","1305","1305","N/A","N/A","","No","No" 
"303","Waterford Landings","B1","2","2","1370","1370","N/A","N/A","","No","No" 
"214","Waterford Landings","B1","2","2","1310","1310","N/A","N/A","","No","No" 
"1306","Waterford Landings","C1.2","3","2","1455","1455","N/A","N/A","","No","No" 
"1401","Waterford Landings","C1.2","3","2","1455","1455","N/A","N/A","","No","No" 
"1402","Waterford Landings","C1.2","3","2","1455","1455","N/A","N/A","","No","No" 
"1406","Waterford Landings","C1.2","3","2","1455","1455","N/A","N/A","","No","No" 
"1416","Waterford Landings","C1.2","3","2","1455","1455","N/A","N/A","","No","No" 
"1423","Waterford Landings","A3","1","1","1232","1232","N/A","N/A","","No","No" 
"1523","Waterford Landings","A3","1","1","1232","1232","N/A","N/A","","No","No" 
"1515","Waterford Landings","C1.2","3","2","1455","1455","N/A","N/A","","No","No" 
"1509","Waterford Landings","A3","1","1","1232","1232","N/A","N/A","","No","No" 
"1510","Waterford Landings","A3","1","1","1232","1232","N/A","N/A","","No","No" 
"1519","Waterford Landings","C1.2","3","2","1455","1455","N/A","N/A","","No","No" 
"1319","Waterford Landings","C1.2","3","2","1455","1455","N/A","N/A","","No","No" 
"1424","Waterford Landings","A3","1","1","1232","1232","N/A","N/A","","No","No" 
"1019","Waterford Landings","B1-P","2","2","1456","1456","N/A","N/A","","No","No" 
"1207","Waterford Landings","B1-P","2","2","1450","1450","N/A","N/A","","No","No" 
"1324","Waterford Landings","A3","1","1","1232","1232","N/A","N/A","","No","No" 
"1004","Waterford Landings","B1-P","2","2","1475","1475","N/A","N/A","","No","No" 
"1310","Waterford Landings","A3","1","1","1232","1232","N/A","N/A","","No","No" 
"1604","Waterford Landings","A2.2","1","1","1136","1136","N/A","N/A","","No","No" 
"1613","Waterford Landings","A2.2","1","1","1136","1136","N/A","N/A","","No","No" 
"1208","Waterford Landings","B1","2","2","1305","1305","N/A","N/A","","No","No" 
"1719","Waterford Landings","A2.2","1","1","1136","1136","N/A","N/A","","No","No" 
"1720","Waterford Landings","A2.2","1","1","1136","1136","N/A","N/A","","No","No" 
"604","Waterford Landings","B1","2","2","1305","1305","N/A","N/A","","No","No" 
"511","Waterford Landings","B1","2","2","1305","1305","N/A","N/A","","No","No" 
"1611","Waterford Landings","A2.2","1","1","1136","1136","N/A","N/A","","No","No" 
"1616","Waterford Landings","A2.2","1","1","1136","1136","N/A","N/A","","No","No" 
"420","Waterford Landings","B1","2","2","1305","1305","N/A","N/A","","No","No" 
"412","Waterford Landings","B1","2","2","1350","1350","N/A","N/A","","No","No" 
"1624","Waterford Landings","A2.2","1","1","1136","1136","N/A","N/A","","No","No" 
"1703","Waterford Landings","A2.2","1","1","1136","1136","N/A","N/A","","No","No" 
"1707","Waterford Landings","A2.2","1","1","1136","1136","N/A","N/A","","No","No" 
"1713","Waterford Landings","A2.2","1","1","1136","1136","N/A","N/A","","No","No" 
"1714","Waterford Landings","A2.2","1","1","1136","1136","N/A","N/A","","No","No" 
"1715","Waterford Landings","A2.2","1","1","1136","1136","N/A","N/A","","No","No" 
"1722","Waterford Landings","A2.2","1","1","1136","1136","N/A","N/A","","No","No" 
"1723","Waterford Landings","A2.2","1","1","1136","1136","N/A","N/A","","No","No" 
"212","Waterford Landings","B1","2","2","1305","1305","N/A","N/A","","No","No" 
"204","Waterford Landings","B1","2","2","1330","1330","N/A","N/A","","No","No" 
"203","Waterford Landings","B1","2","2","1313","1313","N/A","N/A","","No","No" 
"1210","Waterford Landings","B1","2","2","1375","1375","N/A","N/A","","No","No" 
"1203","Waterford Landings","B1","2","2","1320","1320","N/A","N/A","","No","No" 
"216","Waterford Landings","A2-P","1","1","1220","1220","N/A","N/A","","No","No" 
"201","Waterford Landings","A2-P","1","1","1188","1188","N/A","N/A","","No","No" 
"215","Waterford Landings","A1","1","1","1015","1015","N/A","N/A","","No","No" 
"617","Waterford Landings","A1","1","1","1000","1000","N/A","N/A","","No","No" 
"913","Waterford Landings","A1","1","1","1010","1010","N/A","N/A","","No","No" 
"1117","Waterford Landings","A1","1","1","1005","1005","N/A","N/A","","No","No" 
"223","Waterford Landings","A1","1","1","1020","1020","N/A","N/A","","No","No" 
"713","Waterford Landings","A1","1","1","1035","1035","N/A","N/A","","No","No" 
"917","Waterford Landings","A1","1","1","1005","1005","N/A","N/A","","No","No" 
"920","Waterford Landings","A1","1","1","1000","1000","N/A","N/A","","No","No" 
"1013","Waterford Landings","A1","1","1","1005","1005","N/A","N/A","","No","No" 
"1017","Waterford Landings","A1","1","1","1025","1025","N/A","N/A","","No","No" 
"1020","Waterford Landings","A1","1","1","1000","1000","N/A","N/A","","No","No" 
"1301","Waterford Landings","C1.2","3","2","1455","1455","N/A","N/A","","No","No" 
"1113","Waterford Landings","A1","1","1","1019","1019","N/A","N/A","","No","No" 
"210","Waterford Landings","A2","1","1","1086","1086","N/A","N/A","","No","No" 
"601","Waterford Landings","A2","1","1","1086","1086","N/A","N/A","","No","No" 
"701","Waterford Landings","A2","1","1","1118","1118","N/A","N/A","","No","No" 
"805","Waterford Landings","A2","1","1","1086","1086","N/A","N/A","","No","No" 
"906","Waterford Landings","A2","1","1","1086","1086","N/A","N/A","","No","No" 
"909","Waterford Landings","A2","1","1","1090","1090","N/A","N/A","","No","No" 
"1003","Waterford Landings","B1","2","2","1318","1318","N/A","N/A","","No","No" 
"911","Waterford Landings","B1","2","2","1329","1329","N/A","N/A","","No","No" 
"1018","Waterford Landings","A2","1","1","1086","1086","N/A","N/A","","No","No" 
"1105","Waterford Landings","A2","1","1","1086","1086","N/A","N/A","","No","No" 
"801","Waterford Landings","A2","1","1","1100","1100","N/A","N/A","","No","No" 
"1302","Waterford Landings","C1.2","3","2","1455","1455","10/19/2024","10/16/2024","","No","No" 
"512","Waterford Landings","B1","2","2","1305","1305","10/25/2024","10/22/2024","","No","No" 
"1518","Waterford Landings","B1.2","2","2","1350","1350","10/28/2024","10/22/2024","","No","No" 
"1110","Waterford Landings","B1","2","2","1305","1305","10/30/2024","10/24/2024","","No","No" 
"103","Waterford Landings","B1.2","2","2","1350","1350","10/31/2024","10/16/2024","","No","No" 
"1524","Waterford Landings","A3","1","1","1232","1232","11/1/2024","1/15/2025","","No","No" 
"310","Waterford Landings","B1","2","2","1305","1305","11/6/2024","10/31/2024","","No","No" 
"815","Waterford Landings","B1","2","2","1305","1305","11/7/2024","N/A","","No","No" 
"1418","Waterford Landings","B1.2","2","2","1350","1350","11/15/2024","N/A","","No","No" 
"605","Waterford Landings","A2","1","1","1086","1086","11/19/2024","12/16/2024","","No","No" 
"615","Waterford Landings","B1","2","2","1305","1305","11/25/2024","11/20/2024","","No","No" 
"417","Waterford Landings","C1","3","2","1405","1405","11/28/2024","11/22/2024","","No","No" 
"812","Waterford Landings","B1","2","2","1305","1305","12/2/2024","11/26/2024","","No","No" 
"202","Waterford Landings","A2","1","1","1100","1100","12/3/2024","11/13/2024","","No","No" 
"104","Waterford Landings","B1-P","2","2","1450","1450","12/7/2024","12/2/2024","","No","No" 
"503","Waterford Landings","B1","2","2","1330","1330","12/7/2024","12/1/2024","","No","No" 
"1501","Waterford Landings","C1.2","3","2","1455","1455","12/7/2024","12/2/2024","","No","No" 
"1315","Waterford Landings","C1.2","3","2","1455","1455","12/7/2024","3/26/2025","","No","No" 
"1106","Waterford Landings","A2","1","1","1090","1090","12/7/2024","1/30/2025","","No","No" 
"1612","Waterford Landings","A2.2","1","1","1136","1136","12/8/2024","12/3/2024","","No","No" 
"1513","Waterford Landings","B1.2","2","2","1350","1350","12/13/2024","1/9/2025","","No","No" 
"802","Waterford Landings","A2-P","1","1","1187","1187","12/16/2024","1/13/2025","","No","No" 
"518","Waterford Landings","C1","3","2","1405","1405","12/31/2024","10/16/2024","","No","No" 
"418","Waterford Landings","C1","3","2","1405","1405","12/31/2024","10/16/2024","","No","No" 
"1417","Waterford Landings","B1.2","2","2","1350","1350","1/6/2025","N/A","","No","No" 
"1621","Waterford Landings","A2.2","1","1","1136","1136","1/11/2025","1/14/2025","","No","No" 
"101","Waterford Landings","C1","3","2","1430","1430","1/15/2025","12/30/2024","","No","No" 
"318","Waterford Landings","C1","3","2","1405","1405","1/17/2025","10/16/2024","","No","No" 
"506","Waterford Landings","C1-P","3","2","1705","1705","1/18/2025","10/16/2024","","No","No" 
"1305","Waterford Landings","C1.2","3","2","1455","1455","1/18/2025","11/26/2024","","No","No" 
"113","Waterford Landings","C1","3","2","1455","1455","1/18/2025","10/16/2024","","No","No" 
"807","Waterford Landings","B1","2","2","1305","1305","1/22/2025","7/24/2025","","No","No" 
"803","Waterford Landings","B1","2","2","1305","1305","1/24/2025","1/21/2025","","No","No" 
"1717","Waterford Landings","A2.2","1","1","1136","1136","1/24/2025","1/21/2025","","No","No" 
"612","Waterford Landings","B1","2","2","1335","1335","2/3/2025","1/31/2025","","No","No" 
"509","Waterford Landings","B1","2","2","1305","1305","2/5/2025","7/15/2025","","No","No" 
"910","Waterford Landings","B1","2","2","1305","1305","2/6/2025","1/31/2025","","No","No" 
"806","Waterford Landings","A2","1","1","1090","1090","2/6/2025","N/A","","No","No" 
"710","Waterford Landings","B1","2","2","1305","1305","2/9/2025","2/6/2025","","No","No" 
"1011","Waterford Landings","B1","2","2","1330","1330","2/15/2025","2/11/2025","","No","No" 
"1304","Waterford Landings","B1.2","2","2","1350","1350","2/16/2025","2/12/2025","","No","No" 
"603","Waterford Landings","B1","2","2","1305","1305","2/20/2025","3/6/2025","","No","No" 
"1015","Waterford Landings","B1","2","2","1305","1305","2/27/2025","6/27/2025","","No","No" 
"1317","Waterford Landings","B1.2","2","2","1350","1350","3/5/2025","9/2/2025","","No","No" 
"1502","Waterford Landings","C1.2","3","2","1455","1455","3/6/2025","N/A","","No","No" 
"903","Waterford Landings","B1","2","2","1305","1305","3/7/2025","3/3/2025","","No","No" 
"1114","Waterford Landings","A2","1","1","1100","1100","3/7/2025","3/4/2025","","No","No" 
"219","Waterford Landings","A1","1","1","1000","1000","3/10/2025","3/5/2025","","No","No" 
"1111","Waterford Landings","B1","2","2","1330","1330","3/14/2025","3/11/2025","","No","No" 
"1718","Waterford Landings","A2.2","1","1","1136","1136","3/20/2025","10/27/2025","","No","No" 
"717","Waterford Landings","A1","1","1","1015","1015","3/25/2025","3/21/2025","","No","No" 
"914","Waterford Landings","A2","1","1","1100","1100","3/26/2025","3/21/2025","","No","No" 
"118","Waterford Landings","C1-P","3","2","1685","1685","3/31/2025","3/28/2025","","No","No" 
"1102","Waterford Landings","A2","1","1","1116","1116","4/2/2025","3/27/2025","","No","No" 
"1408","Waterford Landings","B1.2","2","2","1350","1350","4/3/2025","8/15/2025","","No","No" 
"305","Waterford Landings","C1","3","2","1405","1405","4/7/2025","5/9/2025","","No","No" 
"119","Waterford Landings","B1","2","2","1305","1305","4/7/2025","6/26/2025","","No","No" 
"905","Waterford Landings","A2","1","1","1086","1086","4/7/2025","4/1/2025","","No","No" 
"1204","Waterford Landings","B1","2","2","1305","1305","4/7/2025","4/1/2025","","No","No" 
"1316","Waterford Landings","C1.2","3","2","1455","1455","4/12/2025","4/8/2025","","No","No" 
"1201","Waterford Landings","C1","3","2","1430","1430","4/17/2025","4/14/2025","","No","No" 
"1413","Waterford Landings","B1.2","2","2","1350","1350","4/19/2025","4/16/2025","","No","No" 
"703","Waterford Landings","B1","2","2","1305","1305","4/19/2025","10/14/2025","","No","No" 
"1419","Waterford Landings","C1.2","3","2","1455","1455","4/19/2025","4/16/2025","","No","No" 
"112","Waterford Landings","B1","2","2","1330","1330","4/20/2025","N/A","","No","No" 
"1712","Waterford Landings","A2.2","1","1","1136","1136","4/24/2025","4/21/2025","","No","No" 
"1212","Waterford Landings","B1","2","2","1305","1305","4/25/2025","N/A","","No","No" 
"1410","Waterford Landings","A3","1","1","1232","1232","4/28/2025","4/24/2025","","No","No" 
"1014","Waterford Landings","A2","1","1","1100","1100","5/1/2025","N/A","","No","No" 
"1603","Waterford Landings","A2.2","1","1","1136","1136","5/5/2025","4/29/2025","","No","No" 
"1216","Waterford Landings","B1","2","2","1305","1305","5/6/2025","9/12/2025","","No","No" 
"407","Waterford Landings","B1","2","2","1305","1305","5/6/2025","4/30/2025","","No","No" 
"205","Waterford Landings","A2","1","1","1086","1086","5/15/2025","N/A","","No","No" 
"719","Waterford Landings","B1","2","2","1305","1305","5/17/2025","7/11/2025","","No","No" 
"1318","Waterford Landings","B1.2","2","2","1350","1350","5/18/2025","5/13/2025","","No","No" 
"809","Waterford Landings","A2","1","1","1086","1086","5/18/2025","5/13/2025","","No","No" 
"1618","Waterford Landings","A2.2","1","1","1136","1136","5/19/2025","9/23/2025","","No","No" 
"1220","Waterford Landings","B1","2","2","1305","1305","5/20/2025","11/17/2025","","No","No" 
"1615","Waterford Landings","A2.2","1","1","1136","1136","5/25/2025","5/21/2025","","No","No" 
"1320","Waterford Landings","C1.2","3","2","1455","1455","5/28/2025","5/22/2025","","No","No" 
"501","Waterford Landings","C1","3","2","1405","1405","5/28/2025","5/22/2025","","No","No" 
"406","Waterford Landings","C1","3","2","1405","1405","5/28/2025","6/13/2025","","No","No" 
"1516","Waterford Landings","C1.2","3","2","1455","1455","5/30/2025","5/27/2025","","No","No" 
"1012","Waterford Landings","B1-P","2","2","1450","1450","6/2/2025","5/27/2025","","No","No" 
"817","Waterford Landings","A1","1","1","1000","1000","6/3/2025","7/7/2025","","No","No" 
"207","Waterford Landings","B1","2","2","1305","1305","6/5/2025","10/6/2025","","No","No" 
"1620","Waterford Landings","A2.2","1","1","1136","1136","6/5/2025","10/4/2025","","No","No" 
"916","Waterford Landings","B1","2","2","1305","1305","6/7/2025","7/23/2025","","No","No" 
"1321","Waterford Landings","B1.2","2","2","1350","1350","6/7/2025","6/2/2025","","No","No" 
"220","Waterford Landings","A2","1","1","1086","1086","6/14/2025","8/7/2025","","No","No" 
"1716","Waterford Landings","A2.2","1","1","1136","1136","6/16/2025","7/22/2025","","No","No" 
"1617","Waterford Landings","A2.2","1","1","1136","1136","6/20/2025","6/17/2025","","No","No" 
"1010","Waterford Landings","B1","2","2","1305","1305","6/20/2025","6/17/2025","","No","No" 
"810","Waterford Landings","B1","2","2","1305","1305","6/21/2025","11/10/2025","","No","No" 
"316","Waterford Landings","B1","2","2","1305","1305","6/24/2025","6/18/2025","","No","No" 
"514","Waterford Landings","C1","3","2","1430","1430","6/26/2025","6/23/2025","","No","No" 
"402","Waterford Landings","C1","3","2","1405","1405","6/26/2025","N/A","","No","No" 
"912","Waterford Landings","B1","2","2","1305","1305","7/2/2025","6/27/2025","","No","No" 
"1314","Waterford Landings","B1.2","2","2","1350","1350","7/3/2025","N/A","","No","No" 
"519","Waterford Landings","B1","2","2","1305","1305","7/5/2025","6/30/2025","","No","No" 
"1115","Waterford Landings","B1","2","2","1305","1305","7/6/2025","6/30/2025","","No","No" 
"1002","Waterford Landings","A2","1","1","1105","1105","7/6/2025","8/7/2025","","No","No" 
"1504","Waterford Landings","B1.2","2","2","1350","1350","7/7/2025","8/27/2025","","No","No" 
"508","Waterford Landings","B1","2","2","1305","1305","7/9/2025","7/3/2025","","No","No" 
"619","Waterford Landings","B1","2","2","1305","1305","7/22/2025","7/17/2025","","No","No" 
"1007","Waterford Landings","B1","2","2","1305","1305","7/23/2025","7/19/2025","","No","No" 
"1521","Waterford Landings","B1.2","2","2","1350","1350","7/28/2025","7/22/2025","","No","No" 
"1008","Waterford Landings","B1","2","2","1305","1305","7/30/2025","10/22/2025","","No","No" 
"401","Waterford Landings","C1","3","2","1410","1410","8/1/2025","N/A","","No","No" 
"106","Waterford Landings","C1","3","2","1410","1410","8/4/2025","8/8/2025","","No","No" 
"1205","Waterford Landings","C1-P","3","2","1715","1715","8/6/2025","8/5/2025","","No","No" 
"414","Waterford Landings","C1","3","2","1410","1410","8/7/2025","7/31/2025","","No","No" 
"1511","Waterford Landings","B1.2","2","2","1350","1350","8/7/2025","8/1/2025","","No","No" 
"222","Waterford Landings","B1","2","2","1305","1305","8/7/2025","7/31/2025","","No","No" 
"1405","Waterford Landings","C1.2","3","2","1455","1455","8/8/2025","8/5/2025","","No","No" 
"609","Waterford Landings","A2","1","1","1110","1110","8/8/2025","8/21/2025","","No","No" 
"711","Waterford Landings","B1","2","2","1305","1305","8/10/2025","9/15/2025","","No","No" 
"505","Waterford Landings","C1","3","2","1547","1547","8/11/2025","8/8/2025","","No","No" 
"102","Waterford Landings","C1","3","2","1435","1435","8/11/2025","8/21/2025","","No","No" 
"1415","Waterford Landings","C1.2","3","2","1455","1455","8/13/2025","N/A","","No","No" 
"211","Waterford Landings","B1","2","2","1305","1305","8/14/2025","8/11/2025","","No","No" 
"808","Waterford Landings","B1","2","2","1305","1305","8/15/2025","8/11/2025","","No","No" 
"1724","Waterford Landings","A2.2","1","1","1136","1136","8/18/2025","8/14/2025","","No","No" 
"1704","Waterford Landings","A2.2","1","1","1136","1136","8/22/2025","10/29/2024","","No","No" 
"413","Waterford Landings","C1","3","2","1450","1450","8/25/2025","8/21/2025","","No","No" 
"908","Waterford Landings","B1","2","2","1305","1305","8/29/2025","8/26/2025","","No","No" 
"1215","Waterford Landings","B1","2","2","1305","1305","9/3/2025","8/28/2025","","No","No" 
"820","Waterford Landings","A1","1","1","1005","1005","9/4/2025","N/A","","No","No" 
"1120","Waterford Landings","A1","1","1","1005","1005","9/5/2025","N/A","","No","No" 
"217","Waterford Landings","B1","2","2","1305","1305","9/6/2025","N/A","","No","No" 
"1623","Waterford Landings","A2.2","1","1","1136","1136","9/7/2025","9/2/2025","","No","No" 
"1001","Waterford Landings","A2","1","1","1100","1100","9/7/2025","9/2/2025","","No","No" 
"1217","Waterford Landings","C1","3","2","1405","1405","9/8/2025","12/8/2025","","No","No" 
"1708","Waterford Landings","A2.2","1","1","1136","1136","9/12/2025","9/7/2025","","No","No" 
"804","Waterford Landings","B1-P","2","2","1467","1467","9/14/2025","9/11/2025","","No","No" 
"1411","Waterford Landings","B1.2","2","2","1350","1350","9/15/2025","9/11/2025","","No","No" 
"1403","Waterford Landings","B1.2","2","2","1350","1350","9/17/2025","9/11/2025","","No","No" 
"313","Waterford Landings","C1","3","2","1470","1470","9/18/2025","9/15/2025","","No","No" 
"117","Waterford Landings","C1-P","3","2","1685","1685","9/18/2025","9/15/2025","","No","No" 
"301","Waterford Landings","C1","3","2","1405","1405","9/19/2025","9/18/2025","","No","No" 
"602","Waterford Landings","A2","1","1","1105","1105","9/21/2025","9/17/2025","","No","No" 
"411","Waterford Landings","B1-P","2","2","1450","1450","9/25/2025","12/8/2025","","No","No" 
"1116","Waterford Landings","B1","2","2","1305","1305","9/26/2025","N/A","","No","No" 
"1323","Waterford Landings","A3","1","1","1232","1232","9/27/2025","9/24/2025","","No","No" 
"515","Waterford Landings","B1","2","2","1305","1305","9/27/2025","9/24/2025","","No","No" 
"1512","Waterford Landings","B1.2","2","2","1350","1350","9/27/2025","9/24/2025","","No","No" 
"1721","Waterford Landings","A2.2","1","1","1136","1136","10/6/2025","9/30/2025","","No","No" 
"620","Waterford Landings","A1","1","1","1005","1005","10/6/2025","10/6/2025","","No","No" 
"1016","Waterford Landings","B1","2","2","1350","1350","10/6/2025","10/29/2025","","No","No" 
"1614","Waterford Landings","A2.2","1","1","1136","1136","10/6/2025","N/A","","No","No" 
"1009","Waterford Landings","A2","1","1","1090","1090","10/7/2025","11/2/2025","","No","No" 
"613","Waterford Landings","A1-P","1","1","1120","1120","10/7/2025","10/2/2025","","No","No" 
"510","Waterford Landings","B1","2","2","1305","1305","10/9/2025","10/6/2025","","No","No" 
"404","Waterford Landings","B1","2","2","1320","1320","10/16/2025","10/14/2025","","No","No" 
"1420","Waterford Landings","C1.2","3","2","1455","1455","10/17/2025","10/24/2025","","No","No" 
"1520","Waterford Landings","C1.2","3","2","1455","1455","10/18/2025","10/14/2025","","No","No" 
"1711","Waterford Landings","A2.2","1","1","1136","1136","10/21/2025","10/16/2025","","No","No" 
"1005","Waterford Landings","A2","1","1","1086","1086","10/21/2025","11/8/2025","","No","No" 
"1610","Waterford Landings","A1.2","1","1","1015","1015","10/21/2025","10/15/2025","","No","No" 
"517","Waterford Landings","C1","3","2","1405","1405","10/21/2025","10/15/2025","","No","No" 
"718","Waterford Landings","A2","1","1","1086","1086","11/1/2025","10/26/2025","","No","No" 
"1118","Waterford Landings","A2","1","1","1100","1100","11/3/2025","4/3/2025","","No","No" 
"1409","Waterford Landings","A3","1","1","1232","1232","11/3/2025","10/29/2025","","No","No" 
"813","Waterford Landings","A1","1","1","1020","1020","11/4/2025","10/29/2025","","No","No" 
"213","Waterford Landings","B1","2","2","1305","1305","11/5/2025","10/17/2025","","No","No" 
"209","Waterford Landings","A2","1","1","1086","1086","11/9/2025","11/6/2025","","No","No" 
"610","Waterford Landings","B1","2","2","1305","1305","11/10/2025","11/4/2025","","No","No" 
"1505","Waterford Landings","C1.2","3","2","1455","1455","11/12/2025","11/7/2025","","No","No" 
"919","Waterford Landings","B1","2","2","1305","1305","11/14/2025","11/8/2025","","No","No" 
"904","Waterford Landings","B1","2","2","1313","1313","11/18/2025","11/19/2025","","No","No" 
"716","Waterford Landings","B1-P","2","2","1490","1490","11/18/2025","11/12/2025","","No","No" 
"720","Waterford Landings","A1","1","1","1005","1005","11/19/2025","11/14/2025","","No","No" 
"709","Waterford Landings","A2","1","1","1086","1086","11/20/2025","11/14/2025","","No","No" 
"1322","Waterford Landings","B1.2","2","2","1350","1350","11/23/2025","11/17/2025","","No","No" 
"1609","Waterford Landings","A1.2","1","1","1015","1015","11/23/2025","11/17/2025","","No","No" 
"1506","Waterford Landings","C1.2","3","2","1455","1455","11/23/2025","11/17/2025","","No","No" 
"1422","Waterford Landings","B1.2","2","2","1350","1350","11/25/2025","11/19/2025","","No","No" 
"608","Waterford Landings","B1","2","2","1305","1305","11/29/2025","11/24/2025","","No","No" 
"1312","Waterford Landings","B1.2","2","2","1350","1350","11/30/2025","11/24/2025","","No","No" 
"311","Waterford Landings","B1","2","2","1305","1305","12/6/2025","N/A","","No","No" 
"109","Waterford Landings","B1","2","2","1305","1305","12/7/2025","12/1/2025","","No","No" 
"611","Waterford Landings","B1","2","2","1305","1305","12/7/2025","4/8/2025","","No","No" 
"901","Waterford Landings","A2","1","1","1100","1100","12/7/2025","12/2/2025","","No","No" 
"224","Waterford Landings","A2","1","1","1086","1086","12/7/2025","12/1/2025","","No","No" 
"1407","Waterford Landings","B1.2","2","2","1350","1350","12/7/2025","12/1/2025","","No","No" 
"410","Waterford Landings","B1","2","2","1305","1305","12/7/2025","12/2/2025","","No","No" 
"319","Waterford Landings","B1","2","2","1305","1305","12/10/2025","7/22/2025","","No","No" 
"221","Waterford Landings","B1","2","2","1305","1305","12/11/2025","12/8/2025","","No","No" 
"308","Waterford Landings","B1","2","2","1305","1305","12/11/2025","12/8/2025","","No","No" 
"1622","Waterford Landings","A2.2","1","1","1136","1136","12/22/2025","11/27/2024","","No","No" 
"520","Waterford Landings","B1","2","2","1305","1305","12/22/2025","3/11/2025","","No","No" 
"206","Waterford Landings","A2","1","1","1086","1086","12/23/2025","4/24/2025","","No","No" 
"111","Waterford Landings","B1","2","2","1330","1330","12/24/2025","12/16/2024","","No","No" 
"818","Waterford Landings","A2","1","1","1086","1086","12/27/2025","4/18/2025","","No","No" 
"108","Waterford Landings","B1","2","2","1305","1305","12/29/2025","N/A","","No","No" 
"1103","Waterford Landings","B1","2","2","1305","1305","1/4/2026","4/29/2025","","No","No" 
"1517","Waterford Landings","B1.2","2","2","1350","1350","1/5/2026","5/23/2025","","No","No" 
"1313","Waterford Landings","B1.2","2","2","1350","1350","1/5/2026","N/A","","No","No" 
"712","Waterford Landings","B1","2","2","1524","1524","1/15/2026","N/A","","No","No" 
"1601","Waterford Landings","A1.2","1","1","1015","1015","1/17/2026","N/A","","No","No" 
"409","Waterford Landings","B1","2","2","1305","1305","1/19/2026","7/25/2025","","No","No" 
"1006","Waterford Landings","A2","1","1","1090","1090","1/21/2026","N/A","","No","No" 
"1619","Waterford Landings","A2.2","1","1","1136","1136","1/22/2026","N/A","","No","No" 
"1608","Waterford Landings","A2.2","1","1","1136","1136","1/24/2026","8/19/2025","","No","No" 
"504","Waterford Landings","B1","2","2","1305","1305","1/24/2026","4/30/2025","","No","No" 
"1109","Waterford Landings","A2","1","1","1086","1086","1/26/2026","6/28/2025","","No","No" 
"1607","Waterford Landings","A2.2","1","1","1136","1136","2/6/2026","6/30/2025","","No","No" 
"614","Waterford Landings","A2","1","1","1120","1120","2/7/2026","N/A","","No","No" 
"1309","Waterford Landings","A3","1","1","1232","1232","2/14/2026","5/22/2025","","No","No" 
"1710","Waterford Landings","A1.2","1","1","1015","1015","2/16/2026","N/A","","No","No" 
